{
  "config": {},
  "extra": {
    "ds": {
      "offset": [
        -925.2794951150004,
        646.9276594450006
      ],
      "scale": 0.4665073802097333
    },
    "frontendVersion": "1.44.19"
  },
  "groups": [],
  "id": "00000000-0000-0000-0000-000000000000",
  "last_link_id": 53,
  "last_node_id": 401,
  "links": [
    [
      27,
      123,
      0,
      36,
      0,
      "LATENT"
    ],
    [
      28,
      393,
      0,
      36,
      1,
      "VAE"
    ],
    [
      29,
      167,
      0,
      123,
      3,
      "LATENT"
    ],
    [
      30,
      394,
      0,
      123,
      0,
      "MODEL"
    ],
    [
      31,
      165,
      0,
      123,
      2,
      "CONDITIONING"
    ],
    [
      32,
      400,
      0,
      123,
      1,
      "CONDITIONING"
    ],
    [
      33,
      398,
      1,
      146,
      2,
      "INT"
    ],
    [
      34,
      359,
      1,
      146,
      0,
      "MASK"
    ],
    [
      35,
      398,
      0,
      146,
      1,
      "INT"
    ],
    [
      36,
      396,
      0,
      165,
      0,
      "CONDITIONING"
    ],
    [
      37,
      390,
      1,
      167,
      1,
      "MASK"
    ],
    [
      38,
      168,
      0,
      167,
      0,
      "LATENT"
    ],
    [
      39,
      397,
      0,
      168,
      0,
      "IMAGE"
    ],
    [
      40,
      393,
      0,
      168,
      1,
      "VAE"
    ],
    [
      41,
      36,
      0,
      170,
      0,
      "IMAGE"
    ],
    [
      42,
      390,
      0,
      170,
      2,
      "MASK"
    ],
    [
      43,
      397,
      0,
      170,
      1,
      "IMAGE"
    ],
    [
      44,
      170,
      0,
      184,
      0,
      "IMAGE"
    ],
    [
      45,
      397,
      0,
      359,
      0,
      "IMAGE"
    ],
    [
      46,
      146,
      0,
      390,
      0,
      "MASK"
    ],
    [
      47,
      395,
      0,
      396,
      0,
      "CLIP"
    ],
    [
      49,
      397,
      0,
      398,
      0,
      "IMAGE"
    ],
    [
      50,
      396,
      0,
      399,
      0,
      "CONDITIONING"
    ],
    [
      51,
      168,
      0,
      399,
      1,
      "LATENT"
    ],
    [
      52,
      399,
      0,
      400,
      0,
      "CONDITIONING"
    ],
    [
      53,
      401,
      0,
      397,
      0,
      "IMAGE"
    ]
  ],
  "nodes": [
    {
      "flags": {},
      "id": 36,
      "inputs": [
        {
          "link": 27,
          "name": "samples",
          "type": "LATENT"
        },
        {
          "link": 28,
          "name": "vae",
          "type": "VAE"
        }
      ],
      "mode": 0,
      "order": 16,
      "outputs": [
        {
          "links": [
            41
          ],
          "name": "IMAGE",
          "type": "IMAGE"
        }
      ],
      "pos": [
        2850.733320617676,
        130
      ],
      "properties": {
        "Node name for S&R": "VAEDecode",
        "cnr_id": "comfy-core",
        "ver": "0.24.1"
      },
      "size": [
        225,
        72
      ],
      "type": "VAEDecode",
      "widgets_values": []
    },
    {
      "flags": {},
      "id": 123,
      "inputs": [
        {
          "link": 30,
          "name": "model",
          "type": "MODEL"
        },
        {
          "link": 32,
          "name": "positive",
          "type": "CONDITIONING"
        },
        {
          "link": 31,
          "name": "negative",
          "type": "CONDITIONING"
        },
        {
          "link": 29,
          "name": "latent_image",
          "type": "LATENT"
        }
      ],
      "mode": 0,
      "order": 15,
      "outputs": [
        {
          "links": [
            27
          ],
          "name": "LATENT",
          "type": "LATENT"
        }
      ],
      "pos": [
        2480.733320617676,
        130
      ],
      "properties": {
        "Node name for S&R": "KSampler",
        "cnr_id": "comfy-core",
        "ver": "0.24.1"
      },
      "size": [
        270,
        565.3333129882812
      ],
      "type": "KSampler",
      "widgets_values": [
        862873275677551,
        "randomize",
        4,
        1,
        "euler",
        "simple",
        1
      ]
    },
    {
      "flags": {},
      "id": 146,
      "inputs": [
        {
          "link": 34,
          "name": "mask",
          "type": "MASK"
        },
        {
          "link": 35,
          "name": "width",
          "type": "INT",
          "widget": {
            "name": "width"
          }
        },
        {
          "link": 33,
          "name": "height",
          "type": "INT",
          "widget": {
            "name": "height"
          }
        }
      ],
      "mode": 0,
      "order": 11,
      "outputs": [
        {
          "links": [
            46
          ],
          "name": "mask",
          "type": "MASK"
        },
        {
          "links": null,
          "name": "width",
          "type": "INT"
        },
        {
          "links": null,
          "name": "height",
          "type": "INT"
        }
      ],
      "pos": [
        1422.7333297729492,
        306
      ],
      "properties": {
        "Node name for S&R": "ResizeMask",
        "cnr_id": "comfyui-kjnodes",
        "ver": "450dc91069e28496bbd67bd657f820ef0cb8d5ba"
      },
      "size": [
        270,
        281.3333435058594
      ],
      "type": "ResizeMask",
      "widgets_values": [
        512,
        512,
        false,
        "nearest-exact",
        "disabled"
      ]
    },
    {
      "flags": {},
      "id": 165,
      "inputs": [
        {
          "link": 36,
          "name": "conditioning",
          "type": "CONDITIONING"
        }
      ],
      "mode": 0,
      "order": 6,
      "outputs": [
        {
          "links": [
            31
          ],
          "name": "CONDITIONING",
          "type": "CONDITIONING"
        }
      ],
      "pos": [
        982.7333297729492,
        876
      ],
      "properties": {
        "Node name for S&R": "ConditioningZeroOut",
        "cnr_id": "comfy-core",
        "ver": "0.24.1"
      },
      "size": [
        225,
        48
      ],
      "type": "ConditioningZeroOut",
      "widgets_values": []
    },
    {
      "flags": {},
      "id": 167,
      "inputs": [
        {
          "link": 38,
          "name": "samples",
          "type": "LATENT"
        },
        {
          "link": 37,
          "name": "mask",
          "type": "MASK"
        }
      ],
      "mode": 0,
      "order": 14,
      "outputs": [
        {
          "links": [
            29
          ],
          "name": "LATENT",
          "type": "LATENT"
        }
      ],
      "pos": [
        2192.6333236694336,
        130
      ],
      "properties": {
        "Node name for S&R": "SetLatentNoiseMask",
        "cnr_id": "comfy-core",
        "ver": "0.24.1"
      },
      "size": [
        225,
        72
      ],
      "type": "SetLatentNoiseMask",
      "widgets_values": []
    },
    {
      "flags": {},
      "id": 168,
      "inputs": [
        {
          "link": 39,
          "name": "pixels",
          "type": "IMAGE"
        },
        {
          "link": 40,
          "name": "vae",
          "type": "VAE"
        }
      ],
      "mode": 0,
      "order": 7,
      "outputs": [
        {
          "links": [
            38,
            51
          ],
          "name": "LATENT",
          "type": "LATENT"
        }
      ],
      "pos": [
        982.7333297729492,
        130
      ],
      "properties": {
        "Node name for S&R": "VAEEncode",
        "cnr_id": "comfy-core",
        "ver": "0.24.1"
      },
      "size": [
        225,
        72
      ],
      "type": "VAEEncode",
      "widgets_values": []
    },
    {
      "flags": {},
      "id": 170,
      "inputs": [
        {
          "link": 41,
          "name": "destination",
          "type": "IMAGE"
        },
        {
          "link": 43,
          "name": "source",