{
  "config": {},
  "extra": {
    "ds": {
      "offset": [
        202.64183912821267,
        420.97741819504313
      ],
      "scale": 0.5729166770956117
    },
    "frontendVersion": "1.44.19"
  },
  "groups": [],
  "id": "00000000-0000-0000-0000-000000000000",
  "last_link_id": 56,
  "last_node_id": 169,
  "links": [
    [
      29,
      169,
      0,
      9,
      0,
      "IMAGE"
    ],
    [
      30,
      112,
      0,
      100,
      0,
      "CONDITIONING"
    ],
    [
      31,
      161,
      0,
      104,
      0,
      "LATENT"
    ],
    [
      32,
      102,
      0,
      104,
      1,
      "VAE"
    ],
    [
      33,
      146,
      0,
      107,
      0,
      "CLIP"
    ],
    [
      34,
      107,
      0,
      112,
      0,
      "CONDITIONING"
    ],
    [
      35,
      150,
      0,
      112,
      1,
      "LATENT"
    ],
    [
      36,
      151,
      0,
      115,
      0,
      "IMAGE"
    ],
    [
      37,
      107,
      0,
      136,
      0,
      "CONDITIONING"
    ],
    [
      38,
      115,
      0,
      148,
      0,
      "IMAGE"
    ],
    [
      39,
      148,
      1,
      149,
      2,
      "INT"
    ],
    [
      40,
      151,
      0,
      149,
      0,
      "IMAGE"
    ],
    [
      41,
      148,
      0,
      149,
      1,
      "INT"
    ],
    [
      42,
      168,
      1,
      150,
      0,
      "IMAGE"
    ],
    [
      43,
      102,
      0,
      150,
      1,
      "VAE"
    ],
    [
      44,
      168,
      2,
      152,
      1,
      "MASK"
    ],
    [
      45,
      150,
      0,
      152,
      0,
      "LATENT"
    ],
    [
      46,
      151,
      1,
      153,
      0,
      "MASK"
    ],
    [
      47,
      148,
      1,
      153,
      2,
      "INT"
    ],
    [
      48,
      148,
      0,
      153,
      1,
      "INT"
    ],
    [
      49,
      152,
      0,
      161,
      3,
      "LATENT"
    ],
    [
      50,
      126,
      0,
      161,
      0,
      "MODEL"
    ],
    [
      51,
      136,
      0,
      161,
      2,
      "CONDITIONING"
    ],
    [
      52,
      100,
      0,
      161,
      1,
      "CONDITIONING"
    ],
    [
      53,
      149,
      0,
      168,
      0,
      "IMAGE"
    ],
    [
      54,
      153,
      0,
      168,
      1,
      "MASK"
    ],
    [
      55,
      104,
      0,
      169,
      1,
      "IMAGE"
    ],
    [
      56,
      168,
      0,
      169,
      0,
      "STITCHER"
    ]
  ],
  "nodes": [
    {
      "flags": {},
      "id": 9,
      "inputs": [
        {
          "link": 29,
          "name": "images",
          "type": "IMAGE"
        }
      ],
      "mode": 0,
      "order": 18,
      "outputs": [],
      "pos": [
        3910.766670227051,
        130
      ],
      "properties": {
        "cnr_id": "comfy-core",
        "ver": "0.24.1"
      },
      "size": [
        270,
        316
      ],
      "type": "SaveImage",
      "widgets_values": [
        "Flux2_dev"
      ]
    },
    {
      "flags": {},
      "id": 100,
      "inputs": [
        {
          "link": 30,
          "name": "conditioning",
          "type": "CONDITIONING"
        }
      ],
      "mode": 0,
      "order": 14,
      "outputs": [
        {
          "links": [
            52
          ],
          "name": "CONDITIONING",
          "type": "CONDITIONING"
        }
      ],
      "pos": [
        2658.5666732788086,
        130
      ],
      "properties": {
        "Node name for S&R": "FluxGuidance",
        "cnr_id": "comfy-core",
        "ver": "0.24.1"
      },
      "size": [
        270,
        80
      ],
      "type": "FluxGuidance",
      "widgets_values": [
        4
      ]
    },
    {
      "flags": {},
      "id": 102,
      "inputs": [],
      "mode": 0,
      "order": 0,
      "outputs": [
        {
          "links": [
            32,
            43
          ],
          "name": "VAE",
          "type": "VAE"
        }
      ],
      "pos": [
        100,
        130
      ],
      "properties": {
        "Node name for S&R": "VAELoader",
        "cnr_id": "comfy-core",
        "ver": "0.24.1"
      },
      "size": [
        270,
        82.66666412353516
      ],
      "type": "VAELoader",
      "widgets_values": [
        "flux2-vae.safetensors"
      ]
    },
    {
      "flags": {},
      "id": 104,
      "inputs": [
        {
          "link": 31,
          "name": "samples",
          "type": "LATENT"
        },
        {
          "link": 32,
          "name": "vae",
          "type": "VAE"
        }
      ],
      "mode": 0,
      "order": 16,
      "outputs": [
        {
          "links": [
            55
          ],
          "name": "IMAGE",
          "type": "IMAGE"
        }
      ],
      "pos": [
        3398.5666732788086,
        130
      ],
      "properties": {
        "Node name for S&R": "VAEDecode",
        "cnr_id": "comfy-core",
        "ver": "0.24.1"
      },
      "size": [
        225,
        72
      ],
      "type": "VAEDecode",
      "widgets_values": []
    },
    {
      "flags": {},
      "id": 107,
      "inputs": [
        {
          "link": 33,
          "name": "clip",
          "type": "CLIP"
        }
      ],
      "mode": 0,
      "order": 4,
      "outputs": [
        {
          "links": [
            34,
            37
          ],
          "name": "CONDITIONING",
          "type": "CONDITIONING"
        }
      ],
      "pos": [
        482.7333297729492,
        130
      ],
      "properties": {
        "Node name for S&R": "CLIPTextEncode",
        "cnr_id": "comfy-core",
        "ver": "0.24.1"
      },
      "size": [
        400,
        200
      ],
      "title": "CLIP Text Encode (Positive Prompt)",
      "type": "CLIPTextEncode",
      "widgets_values": [
        "make her blonde"
      ]
    },
    {
      "flags": {},
      "id": 112,
      "inputs": [
        {
          "link": 34,
          "name": "conditioning",
          "type": "CONDITIONING"
        },
        {
          "link": 35,
          "name": "latent",
          "shape": 7,
          "type": "LATENT"
        }
      ],
      "mode": 0,
      "order": 12,
      "outputs": [
        {
          "links": [
            30
          ],
          "name": "CONDITIONING",
          "type": "CONDITIONING"
        }
      ],
      "pos": [
        2354.400001525879,
        130
      ],
      "properties": {
        "Node name for S&R": "ReferenceLatent",
        "cnr_id": "comfy-core",
        "ver": "0.24.1"
      },
      "size": [
        225,
        72
      ],
      "type": "ReferenceLatent",
      "widgets_values": []
    },
    {
      "flags": {},
      "id": 115,
      "inputs": [
        {
          "link": 36,
          "name": "image",
          "type": "IMAGE"
        }
      ],
      "mode": 0,
      "order": 5,
      "outputs": [
        {
          "links": [
            38
          ],
          "name": "IMAGE",
          "type": "IMAGE"
        }
      ],
      "pos": [
        482.7333297729492,
        460
      ],
      "properties": {
        "Node name for S&R": "ImageScaleToTotalPixels",
        "cnr_id": "comfy-core",
        "ver": "0.24.1"
      },
      "size": [
        276.5333251953125,
        142.6666717529297
      ],
      "title": "ImageScaleToTotalPixels",
      "type": "ImageScaleToTotalPixels",
      "widgets_values": [
        "lanczos",
        1,
        1
      ]
    },
    {
      "flags": {},
      "id": 126,
      "inputs": [],
      "mode": 0,
      "order": 1,
      "outputs": [
        {
          "links": [
            50
          ],
          "name": "MODEL",
          "type": "MODEL"
        }
      ],
      "pos": [
        100,
        318
      ],
      "properties": {
        "Node name for S&R": "UNETLoader",
        "cnr_id": "comfy-core",
        "ver": "0.24.1"
      },
      "size": [
        270,
        110.66667175292969
      ],
      "type": "UNETLoader",